Virginia Knight,20
Amaya Franklin,58
Len Howell,91
Ima Evans,66
Amos Perry,67
Kadeem Peters,65
Debra Castro,37
Zachery Wilder,46
TaShya Porter,55
Jerome Maddox,62
Flavia Chan,51
Knox Levine,84
Jael Wilder,67
Shafira Faulkner,63
Shana Golden,29
Sheila Hart,28
Destiny Marsh,68
Meredith Herring,46
Hiroko Salazar,34
August Crosby,57
Tatiana Pope,60
Jerome Morgan,48
Larissa Cunningham,37
Raya Bell,83
Aladdin Kennedy,17
Tate Parker,43
Kylie Cantu,28
Kevin Camacho,48
Libby Wolf,56
Regina Baxter,72
Rooney Mcmahon,42
Charde Kinney,24
Ross Stanton,28
Shaine Sanders,19
Abra Sherman,16
Brianna Ramos,27
Desirae Alvarez,78
Elaine Kennedy,64
Griffin Pugh,27
Herman Cook,78
Carlos Pacheco,27
Caesar Leblanc,52
Shoshana Horn,40
Zenaida Mcintosh,62
Ahmed Nielsen,93
Mark Schneider,47
Brady Love,33
Rhonda Mejia,20
Ishmael Finley,26
Demetrius Holden,83
Daria Foster,87
Zelda Morgan,63
Raya Bean,21
Kane Jimenez,81
Priscilla Haley,64
Neve Mcknight,34
Ava Kirk,83
Abraham Garner,29
Simon Crosby,84
Sigourney Stuart,56
Ignacia Calderon,73
Keegan Spence,72
Claire Ratliff,64
Aileen Weaver,63
Rae Atkinson,28
Lisandra Sargent,70
Cairo Clements,20
Mark Pratt,57
Amethyst Mcfarland,23
Donovan Stevenson,85
Alisa Delaney,25
Simone Charles,57
Damian Booth,72
Dale Franks,68
Harding Myers,60
Bryar Sparks,64
Camilla Bray,56
Edan Mccormick,50
Cody Herring,34
Boris Melton,21
Molly Hoover,78
Tatiana Dawson,48
Brody Gallegos,63
Justina Wilder,64
Kiayada Christensen,60
Riley Mullins,68
Zeus Harrison,77
Whoopi Burnett,31
Christopher Byrd,48
Maggy Flynn,33
Virginia Wilkerson,22
Damian Moran,81
Xantha Bond,85
Abigail Mcpherson,41
Debra Hayes,27
Camden Wynn,66
Vladimir Sargent,44
Jerome Martin,85
Chadwick Quinn,15
Cailin Ford,41
Xanthus Barlow,16
Candace Reynolds,32
Tucker Shaw,92
Chantale Calderon,56
Patrick Richards,71
Berk Espinoza,43
Oren Sanchez,72
Lester Tanner,82
Chaney Webster,67
Kellie Jimenez,95
Tyrone Mcleod,71
Justina Bruce,87
Cooper Vasquez,25
Magee Herring,24
Isaac Chen,43
Vivian Tucker,60
Jermaine Yates,28
Caryn Prince,21
Latifah Fuentes,33
Angelica Landry,28
Holmes Bates,29
Dorian Boyd,64
Giselle Rhodes,88
Honorato Townsend,20
Brittany Mccarthy,79
Olympia Vaughan,90
Jamalia Edwards,22
Chaney Robertson,63
Rajah Luna,92
Maite Ratliff,42
Hakeem Guthrie,42
Joel Byrd,93
Baker Griffith,34
Guy Payne,63
Nerea Fernandez,88
Otto Weber,65
Audrey Spears,23
Rogan Colon,58
Forrest Little,49
Gage Hardin,27
Dalton Brewer,37
Jane Perez,30
Zoe Christian,53
Lyle Ross,25
Britanney Cline,63
Maisie Douglas,24
Clayton Lyons,66
Yoshi Kirk,87
Preston Turner,43
Cameron Guzman,63
Cherokee Sweet,39
Joan Lawson,56
Lester Espinoza,95
Christopher Avila,25
Lana Mullins,43
Medge May,51
Rana Scott,85
Zelda Maddox,39
Priscilla Lynch,49
Vernon Mcintosh,30
Kadeem Bates,74
Rooney Johnston,49
Chanda Oneil,62
Charles Sosa,58
Quin Mendoza,35
Keefe Harmon,88
Nevada Lowery,43
Alisa Ramsey,28
Arsenio Delgado,67
Kameko Blevins,67
Sheila Riley,29
Cullen Munoz,93
Levi O'donnell,75
Halla Solomon,23
Yasir Wade,24
Perry Chambers,77
Kareem Rasmussen,84
Arthur Sandoval,16
Kylie Austin,18
Rana Henry,54
Keefe Woodward,52
Dorian Mcguire,68
Nell Leach,71
Buffy Webster,87
Timothy Chapman,48
Lamar Morrison,41
Linus Mcpherson,44
Fitzgerald Riley,40
Suki Warner,73
Ashely Richardson,35
Eric Hubbard,44
Britanni Blankenship,59
Kaye Smith,77
Otto Holland,38
Zelenia Macdonald,71
Victor Carter,85
Garth Ashley,46
Dillon Shields,71
Candice Spence,79
Thomas Villarreal,43
Benjamin Lancaster,18
Zenia Compton,30
Jana Compton,48
Wylie Wilder,71
Kirby Arnold,28
Yardley Velasquez,40
Marny Padilla,71
Germaine Lane,26
Keaton Johnston,28
Maisie Guthrie,88
Colby Hull,45
Vaughan Campos,71
Delilah Perry,34
Patricia Larson,18
Uta Randolph,76
Amelia Summers,30
Paloma Silva,39
Sade Suarez,30
Miranda Whitehead,42
Tamekah Wong,93
Elmo Randolph,42
Jillian Dodson,19
Aspen Barton,42
Kibo Carson,23
Wilma Watson,32
Neve Cox,25
James Schneider,75
Kirk Reyes,24
Shoshana King,24
Halee Mccarthy,58
Roanna Osborne,26
Brenda Roth,64
Piper Thomas,32
Oliver Durham,45
Faith Curtis,23
Lila Pratt,63
Hashim Wiggins,66
Deanna Wall,93
Brenden Bowen,47
Addison Henderson,57
Zachery Conner,51
Zelenia Beach,56
Kylan Walker,16
Myra French,29
Justin Rush,94
Michelle Price,91
Wing Burke,79
Emma Barker,53
Sopoline Walls,84
Murphy Savage,29
Omar Anthony,91
Victor Benton,85
Carissa Bonner,48
Allegra Ware,89
Fulton Mason,88
Ignatius Tran,36
Rama Jackson,69
Uriah Parker,31
Jade Huff,70
Jacob Wilkinson,53
Vanna Williamson,25
Aidan Crosby,81
Demetria Patrick,70
Shaeleigh Norris,35
Germane Rivers,92
Rahim Torres,44
Aimee Barr,68
Azalia Brady,64
Vanna Adkins,25
Carol Kerr,58
Charity Burt,89
Colette Padilla,60
Noel Booth,21
Kiayada Davenport,58
Juliet Buckner,40
Daria Burke,20
Christen Rivera,26
Alec Horton,41
Rudyard Suarez,67
Jessamine Fleming,91
Scarlet Jennings,47
Troy Lamb,95
Regina Cantu,16
Eagan Hurst,93
Genevieve Shannon,40
Jesse Shepard,33
Astra Mcdonald,21
Tatum Mckinney,30
Xander Cain,90
Echo Byrd,28
Isabelle Lamb,54
Honorato Rodriquez,33
Leah Hoover,46
Ray Spears,31
Jolie Glover,29
Tatiana Cooke,60
Tanek House,44
Moses Hood,86
Yoko Calhoun,47
Nyssa Tillman,24
Alea Hyde,19
Leonard Tran,61
McKenzie Crosby,43
Ian Frye,68
Silas Marshall,22
Zelenia Gibbs,70
Ivan Best,59
Winter Pugh,56
James Ramsey,66
Pamela Aguilar,68
Venus Castillo,73
Shea Padilla,81
Paula Hansen,35
Arden Hogan,39
Brianna Puckett,78
Kylynn Duncan,93
Burke Mcbride,73
Cedric Wilder,33
Leah Callahan,84
Nathaniel Roberson,85
Karly Cruz,29
Quinn Bender,18
Keegan Buckner,26
Kerry Boyer,87
Barrett Wilkins,21
Maisie Nicholson,78
Julie Carter,21
Phyllis Cochran,22
Madeson Kinney,79
Amos Ryan,29
Iola Leach,88
Rudyard Bond,70
Ina Cochran,65
Willa Barnes,51
Cherokee Mercado,64
Isadora Murray,90
Derek Valenzuela,17
Adrian Humphrey,55
Blaze Page,63
Kennan Campos,34
Victor Short,76
Adara Marsh,23
Shafira Cannon,48
Acton Hunt,53
Lev Wynn,47
Ebony Garcia,18
Thor Fowler,53
Lucius Houston,37
Britanney Dawson,48
Abigail Ruiz,41
Henry Williamson,62
Fritz Wilkinson,44
Gabriel Mullen,50
Gary Vaughn,45
Driscoll Lara,77
Ava Martin,30
Desiree Ratliff,26
Mari Bowers,72
Ashton Kane,63
Daria O'donnell,62
Erin Berg,54
Dante Riley,58
Hyacinth Burke,56
Kennedy Sandoval,50
Candice Nixon,42
Vielka Ayers,92
Hoyt Evans,89
Ashton Guy,70
Honorato Small,72
Virginia Hall,66
Raja Reeves,25
Irma Peterson,39
Deborah Dillard,71
Juliet Pugh,66
Dara Drake,20
Imogene Melton,24
Germane Harvey,28
Merrill Serrano,57
Hillary Finley,85
Vera Chambers,33
Sharon Nguyen,71
Victor Vang,79
Jael Nunez,82
Amir Stanley,31
Cathleen Daugherty,35
Prescott Vang,49
Calvin Marquez,69
Carson Ruiz,92
Reagan Schultz,24
Scarlet Oneal,47
Wing Rosales,75
Indira Jefferson,65
Amity Bolton,20
Fuller Diaz,71
Quinlan Welch,46
Nadine Britt,72
Herman Dunlap,90
Ivy Wood,43
Solomon Calhoun,59
Lewis Frank,32
Sigourney Horton,17
Brynne Herrera,62
Ethan Figueroa,64
Hope Velez,93
Grace Hays,45
Gareth Barron,73
Jaquelyn Middleton,49
Carly Raymond,29
Cora Bryan,83
Colette Collins,70
Uta Jacobs,33
Bryar Lowe,58
Iona Bush,62
Virginia Ruiz,88
Herman Benton,91
Carl Byrd,91
Kenyon Joseph,64
Camilla Vazquez,78
Moses Aguilar,25
Blaze Smith,90
Kennedy Tran,43
Karyn Bauer,85
Colin Dodson,37
Suki Green,64
Todd Singleton,37
Haviva Higgins,54
Russell Malone,43
Inez Mcdaniel,25
Janna Fry,19
Neville Osborne,16
Rahim Sanford,45
Gary Atkins,80
Chancellor Rivers,33
Nolan Hardy,38
Elmo Cook,38
Germane Whitaker,71
Thane Crane,22
Lewis Butler,51
Micah Morrow,82
Ayanna Allen,59
Tatyana Wright,60
Alana Farrell,80
Benjamin Heath,74
Wyatt Winters,56
Reese Rojas,33
Rae Mcbride,76
Tanner Foster,19
Aretha Glass,81
Howard Meyer,72
Evelyn Carlson,19
Clayton Chang,83
Garrett Ramsey,63
Uriel Massey,21
Alexander Boyd,36
Maite Osborn,80
Driscoll Velazquez,39
Cody Sharpe,33
Lavinia Odom,66
Xaviera Melton,39
Clio Miranda,59
Urielle Murphy,36
Steven Cervantes,92
Jennifer Jackson,54
Reese Christian,45
Arden Roach,76
Abel Melton,53
Ryder Mcconnell,43
Noble Page,50
Reuben Mcleod,46
Cassidy Day,71
Chase Pierce,53
Nayda Crane,66
Dominic Fernandez,85
Kenneth Avery,28
Xandra Mcfarland,51
Norman Rasmussen,76
Erasmus Arnold,36
Signe Stokes,56
Adara Vega,19
Kenneth King,19
Lilah Reilly,67
Armando Ward,86
Katell Griffith,21
Gannon Mcneil,26
Ryan Huff,26
Joseph Larson,66
Gloria Bowen,93
Rashad Olson,57
India Hughes,23
Grant Hendricks,37
Orlando O'donnell,34
Geoffrey Nelson,64
Camden Serrano,62
Nolan Romero,32
Nicole Rollins,51
Garrett Levine,78
Merrill Greene,73
Oliver Acevedo,69
Jack Wagner,34
MacKenzie Cochran,21
